{"train/grad_norm": NaN, "train/lr": 4.999986510764076e-06, "train/loss": 1.923685073852539, "train/consumed_samples": 96, "train/step_time": 39.64610409736633, "train/epoch": 1, "trainer/global_step": 12, "_timestamp": 1713837210.1656468, "_runtime": 2063.43368268013, "_step": 12, "val/loss": 1.6395422220230103, "val/validation_step_time": 67.95294904708862, "_wandb": {"runtime": 2159}}